Name,Discription,Rating,Price
"Apple iPhone 16 Pro (Desert Titanium, 256 GB)","256 GB ROM16.0 cm (6.3 inch) Super Retina XDR Display48MP + 48MP + 12MP | 12MP Front CameraA18 Pro Chip, 6 Core Processor Processor1 year warranty for phone and 1 year warranty for in Box Accessories.",4.7,"₹1,19,900"
"Apple iPhone 16 (Ultramarine, 128 GB)","128 GB ROM15.49 cm (6.1 inch) Super Retina XDR Display48MP + 12MP | 12MP Front CameraA18 Chip, 6 Core Processor Processor1 year warranty for phone and 1 year warranty for in Box Accessories.",4.6,"₹69,900"
"Apple iPhone 16 (Black, 128 GB)","128 GB ROM15.49 cm (6.1 inch) Super Retina XDR Display48MP + 12MP | 12MP Front CameraA18 Chip, 6 Core Processor Processor1 year warranty for phone and 1 year warranty for in Box Accessories.",4.6,"₹69,900"
"Apple iPhone 17 (White, 256 GB)","256 GB ROM16.0 cm (6.3 inch) Super Retina XDR Display48MP + 48MP | 18MP Front CameraA19 Chip, 6 Core Processor ProcessorApple One (1) Year Limited Warranty",4.7,"₹82,900"
"Apple iPhone 14 (Blue, 128 GB)","128 GB ROM15.49 cm (6.1 inch) Super Retina XDR Display12MP + 12MP | 12MP Front CameraA15 Bionic Chip, 6 Core Processor Processor1 year warranty for phone and 1 year warranty for in Box Accessories.",4.6,"₹54,900"
"Apple iPhone 16 Pro (Natural Titanium, 128 GB)","128 GB ROM16.0 cm (6.3 inch) Super Retina XDR Display48MP + 48MP + 12MP | 12MP Front CameraA18 Pro Chip, 6 Core Processor Processor1 year warranty for phone and 1 year warranty for in Box Accessories.",4.7,"₹1,09,900"
"Apple iPhone 16 Pro (Black Titanium, 256 GB)","256 GB ROM16.0 cm (6.3 inch) Super Retina XDR Display48MP + 48MP + 12MP | 12MP Front CameraA18 Pro Chip, 6 Core Processor Processor1 year warranty for phone and 1 year warranty for in Box Accessories.",4.7,"₹1,19,900"
"Apple iPhone 14 (Starlight, 128 GB)","128 GB ROM15.49 cm (6.1 inch) Super Retina XDR Display12MP + 12MP | 12MP Front CameraA15 Bionic Chip, 6 Core Processor Processor1 year warranty for phone and 1 year warranty for in Box Accessories.",4.6,"₹54,900"
"Apple iPhone 16 Pro (Desert Titanium, 128 GB)","128 GB ROM16.0 cm (6.3 inch) Super Retina XDR Display48MP + 48MP + 12MP | 12MP Front CameraA18 Pro Chip, 6 Core Processor Processor1 year warranty for phone and 1 year warranty for in Box Accessories.",4.7,"₹1,09,900"
"Apple iPhone 17 Pro (Silver, 256 GB)","256 GB ROM16.0 cm (6.3 inch) Super Retina XDR Display48MP + 48MP + 48MP | 18MP Front CameraA19 Chip, 6 Core Processor ProcessorApple One (1) Year Limited Warranty",4.7,"₹1,34,900"
"Apple iPhone 16 (Black, 256 GB)","256 GB ROM15.49 cm (6.1 inch) Super Retina XDR Display48MP + 12MP | 12MP Front CameraA18 Chip, 6 Core Processor Processor1 year warranty for phone and 1 year warranty for in Box Accessories.",4.6,"₹79,900"
"Apple iPhone 17 (Black, 256 GB)","256 GB ROM16.0 cm (6.3 inch) Super Retina XDR Display48MP + 48MP | 18MP Front CameraA19 Chip, 6 Core Processor ProcessorApple One (1) Year Limited Warranty",4.7,"₹82,900"
"Apple iPhone 16 (White, 256 GB)","256 GB ROM15.49 cm (6.1 inch) Super Retina XDR Display48MP + 12MP | 12MP Front CameraA18 Chip, 6 Core Processor Processor1 year warranty for phone and 1 year warranty for in Box Accessories.",4.6,"₹79,900"
"Apple iPhone 16 (White, 128 GB)","128 GB ROM15.49 cm (6.1 inch) Super Retina XDR Display48MP + 12MP | 12MP Front CameraA18 Chip, 6 Core Processor Processor1 year warranty for phone and 1 year warranty for in Box Accessories.",4.6,"₹69,900"
"Apple iPhone 16 Pro (Black Titanium, 128 GB)","128 GB ROM16.0 cm (6.3 inch) Super Retina XDR Display48MP + 48MP + 12MP | 12MP Front CameraA18 Pro Chip, 6 Core Processor Processor1 year warranty for phone and 1 year warranty for in Box Accessories.",4.7,"₹1,09,900"
"Apple iPhone 17 (Sage, 256 GB)","256 GB ROM16.0 cm (6.3 inch) Super Retina XDR Display48MP + 48MP | 18MP Front CameraA19 Chip, 6 Core Processor ProcessorApple One (1) Year Limited Warranty",4.7,"₹82,900"
"Apple iPhone 16 (Pink, 128 GB)","128 GB ROM15.49 cm (6.1 inch) Super Retina XDR Display48MP + 12MP | 12MP Front CameraA18 Chip, 6 Core Processor Processor1 year warranty for phone and 1 year warranty for in Box Accessories.",4.6,"₹69,900"
"Apple iPhone 16 Pro (White Titanium, 256 GB)","256 GB ROM16.0 cm (6.3 inch) Super Retina XDR Display48MP + 48MP + 12MP | 12MP Front CameraA18 Pro Chip, 6 Core Processor Processor1 year warranty for phone and 1 year warranty for in Box Accessories.",4.7,"₹1,19,900"
"Apple iPhone 13 (Starlight, 128 GB)",128 GB ROM15.49 cm (6.1 inch) Super Retina XDR Display12MP + 12MP | 12MP Front CameraA15 Bionic Chip Processor1 year warranty for phone and 1 year warranty for in Box Accessories.,4.6,"₹49,900"
"Apple iPhone 14 (Midnight, 128 GB)","128 GB ROM15.49 cm (6.1 inch) Super Retina XDR Display12MP + 12MP | 12MP Front CameraA15 Bionic Chip, 6 Core Processor Processor1 year warranty for phone and 1 year warranty for in Box Accessories.",4.6,"₹54,900"
"Apple iPhone 16 Pro Max (Desert Titanium, 256 GB)","256 GB ROM17.53 cm (6.9 inch) Super Retina XDR Display48MP + 48MP + 12MP | 12MP Front CameraA18 Pro Chip, 6 Core Processor Processor1 year warranty for phone and 1 year warranty for in Box Accessories.",4.7,"₹1,34,900"
"Apple iPhone 16 (Teal, 128 GB)","128 GB ROM15.49 cm (6.1 inch) Super Retina XDR Display48MP + 12MP | 12MP Front CameraA18 Chip, 6 Core Processor Processor1 year warranty for phone and 1 year warranty for in Box Accessories.",4.6,"₹69,900"
"Apple iPhone 16 Pro (White Titanium, 128 GB)","128 GB ROM16.0 cm (6.3 inch) Super Retina XDR Display48MP + 48MP + 12MP | 12MP Front CameraA18 Pro Chip, 6 Core Processor Processor1 year warranty for phone and 1 year warranty for in Box Accessories.",4.7,"₹1,09,900"
"Apple iPhone 16 (Ultramarine, 256 GB)","256 GB ROM15.49 cm (6.1 inch) Super Retina XDR Display48MP + 12MP | 12MP Front CameraA18 Chip, 6 Core Processor Processor1 year warranty for phone and 1 year warranty for in Box Accessories.",4.6,"₹79,900"
"Apple iPhone 16 (Pink, 256 GB)","256 GB ROM15.49 cm (6.1 inch) Super Retina XDR Display48MP + 12MP | 12MP Front CameraA18 Chip, 6 Core Processor Processor1 year warranty for phone and 1 year warranty for in Box Accessories.",4.6,"₹79,900"
"Apple iPhone 16 Pro (Natural Titanium, 256 GB)","256 GB ROM16.0 cm (6.3 inch) Super Retina XDR Display48MP + 48MP + 12MP | 12MP Front CameraA18 Pro Chip, 6 Core Processor Processor1 year warranty for phone and 1 year warranty for in Box Accessories.",4.7,"₹1,19,900"
"Apple iPhone 16 Plus (Black, 128 GB)","128 GB ROM17.02 cm (6.7 inch) Super Retina XDR Display48MP + 12MP | 12MP Front CameraA18 Chip, 6 Core Processor Processor1 year warranty for phone and 1 year warranty for in Box Accessories.",4.6,"₹79,900"
"Apple iPhone 16 Pro Max (Natural Titanium, 256 GB)","256 GB ROM17.53 cm (6.9 inch) Super Retina XDR Display48MP + 48MP + 12MP | 12MP Front CameraA18 Pro Chip, 6 Core Processor Processor1 year warranty for phone and 1 year warranty for in Box Accessories.",4.7,"₹1,34,900"
"Apple iPhone 13 (Midnight, 128 GB)",128 GB ROM15.49 cm (6.1 inch) Super Retina XDR Display12MP + 12MP | 12MP Front CameraA15 Bionic Chip Processor1 year warranty for phone and 1 year warranty for in Box Accessories.,4.6,"₹49,900"
"Apple iPhone 14 (Starlight, 256 GB)","256 GB ROM15.49 cm (6.1 inch) Super Retina XDR Display12MP + 12MP | 12MP Front CameraA15 Bionic Chip, 6 Core Processor Processor1 year warranty for phone and 1 year warranty for in Box Accessories.",4.6,"₹64,900"
"Apple iPhone 16 Pro (Natural Titanium, 512 GB)","512 GB ROM16.0 cm (6.3 inch) Super Retina XDR Display48MP + 48MP + 12MP | 12MP Front CameraA18 Pro Chip, 6 Core Processor Processor1 year warranty for phone and 1 year warranty for in Box Accessories.",4.7,"₹1,39,900"
"Apple iPhone 16 Pro (Desert Titanium, 512 GB)","512 GB ROM16.0 cm (6.3 inch) Super Retina XDR Display48MP + 48MP + 12MP | 12MP Front CameraA18 Pro Chip, 6 Core Processor Processor1 year warranty for phone and 1 year warranty for in Box Accessories.",4.7,"₹1,39,900"
"Apple iPhone 16 Pro Max (Black Titanium, 256 GB)","256 GB ROM17.53 cm (6.9 inch) Super Retina XDR Display48MP + 48MP + 12MP | 12MP Front CameraA18 Pro Chip, 6 Core Processor Processor1 year warranty for phone and 1 year warranty for in Box Accessories.",4.7,"₹1,34,900"
"Apple iPhone 13 (Starlight, 512 GB)",512 GB ROM15.49 cm (6.1 inch) Super Retina XDR Display12MP + 12MP | 12MP Front CameraA15 Bionic Chip Processor1 year warranty for phone and 1 year warranty for in Box Accessories.,4.6,"₹79,900"
"Apple iPhone 17 Pro Max (Deep Blue, 256 GB)","256 GB ROM17.53 cm (6.9 inch) Super Retina XDR Display48MP + 48MP + 48MP | 18MP Front CameraA19 Chip, 6 Core Processor ProcessorApple One (1) Year Limited Warranty",4.8,"₹1,49,900"
"Apple iPhone 15 (Green, 128 GB)","128 GB ROM15.49 cm (6.1 inch) Super Retina XDR Display48MP + 12MP | 12MP Front CameraA16 Bionic Chip, 6 Core Processor Processor1 year warranty for phone and 1 year warranty for in Box Accessories.",4.6,"₹59,900"
"Apple iPhone 15 Plus (Black, 128 GB)","128 GB ROM17.02 cm (6.7 inch) Super Retina XDR Display48MP + 12MP | 12MP Front CameraA16 Bionic Chip, 6 Core Processor Processor1 year warranty for phone and 1 year warranty for in Box Accessories.",4.6,"₹69,900"
"Apple iPhone 16 Pro Max (White Titanium, 256 GB)","256 GB ROM17.53 cm (6.9 inch) Super Retina XDR Display48MP + 48MP + 12MP | 12MP Front CameraA18 Pro Chip, 6 Core Processor Processor1 year warranty for phone and 1 year warranty for in Box Accessories.",4.7,"₹1,34,900"
"Apple iPhone 16 Pro Max (Natural Titanium, 512 GB)","512 GB ROM17.53 cm (6.9 inch) Super Retina XDR Display48MP + 48MP + 12MP | 12MP Front CameraA18 Pro Chip, 6 Core Processor Processor1 year warranty for phone and 1 year warranty for in Box Accessories.",4.7,"₹1,54,900"
"Apple iPhone 14 (Blue, 256 GB)","256 GB ROM15.49 cm (6.1 inch) Super Retina XDR Display12MP + 12MP | 12MP Front CameraA15 Bionic Chip, 6 Core Processor Processor1 year warranty for phone and 1 year warranty for in Box Accessories.",4.6,"₹64,900"
"Apple iPhone 15 (Black, 128 GB)","128 GB ROM15.49 cm (6.1 inch) Super Retina XDR Display48MP + 12MP | 12MP Front CameraA16 Bionic Chip, 6 Core Processor Processor1 year warranty for phone and 1 year warranty for in Box Accessories.",4.6,"₹59,900"
"Apple iPhone 14 (Midnight, 256 GB)","256 GB ROM15.49 cm (6.1 inch) Super Retina XDR Display12MP + 12MP | 12MP Front CameraA15 Bionic Chip, 6 Core Processor Processor1 year warranty for phone and 1 year warranty for in Box Accessories.",4.6,"₹64,900"
"Apple iPhone 17 Pro (Deep Blue, 256 GB)","256 GB ROM16.0 cm (6.3 inch) Super Retina XDR Display48MP + 48MP + 48MP | 18MP Front CameraA19 Chip, 6 Core Processor ProcessorApple One (1) Year Limited Warranty",4.7,"₹1,34,900"
"Apple iPhone 15 (Black, 256 GB)","256 GB ROM15.49 cm (6.1 inch) Super Retina XDR Display48MP + 12MP | 12MP Front CameraA16 Bionic Chip, 6 Core Processor Processor1 year warranty for phone and 1 year warranty for in Box Accessories.",4.6,"₹69,900"
"Apple iPhone Air (Sky Blue, 256 GB)","256 GB ROM16.51 cm (6.5 inch) Super Retina XDR Display48MP Rear Camera | 18MP Front CameraA19 Chip, 6 Core Processor ProcessorApple One (1) Year Limited Warranty",4.8,"₹1,19,900"
"Apple iPhone 15 Plus (Pink, 128 GB)","128 GB ROM17.02 cm (6.7 inch) Super Retina XDR Display48MP + 12MP | 12MP Front CameraA16 Bionic Chip, 6 Core Processor Processor1 year warranty for phone and 1 year warranty for in Box Accessories.",4.6,"₹69,900"
"Apple iPhone 14 Plus (Yellow, 512 GB)","512 GB ROM17.02 cm (6.7 inch) Super Retina XDR Display12MP + 12MP | 12MP Front CameraA15 Bionic Chip, 6 Core Processor Processor1 year warranty for phone and 1 year warranty for in Box Accessories.",4.6,"₹99,900"
"Apple iPhone 16 Plus (Black, 256 GB)","256 GB ROM17.02 cm (6.7 inch) Super Retina XDR Display48MP + 12MP | 12MP Front CameraA18 Chip, 6 Core Processor Processor1 year warranty for phone and 1 year warranty for in Box Accessories.",4.6,"₹89,900"
"Apple iPhone 17 Pro Max (Silver, 2 TB)","2 TB ROM17.53 cm (6.9 inch) Super Retina XDR Display48MP + 48MP + 48MP | 18MP Front CameraA19 Chip, 6 Core Processor ProcessorApple One (1) Year Limited Warranty",4.8,"₹2,29,900"
"Apple iPhone 16 Plus (White, 256 GB)","256 GB ROM17.02 cm (6.7 inch) Super Retina XDR Display48MP + 12MP | 12MP Front CameraA18 Chip, 6 Core Processor Processor1 year warranty for phone and 1 year warranty for in Box Accessories.",4.6,"₹89,900"
"Apple iPhone 16 Plus (Pink, 256 GB)","256 GB ROM17.02 cm (6.7 inch) Super Retina XDR Display48MP + 12MP | 12MP Front CameraA18 Chip, 6 Core Processor Processor1 year warranty for phone and 1 year warranty for in Box Accessories.",4.6,"₹89,900"
"Apple iPhone 16 Plus (Teal, 128 GB)","128 GB ROM17.02 cm (6.7 inch) Super Retina XDR Display48MP + 12MP | 12MP Front CameraA18 Chip, 6 Core Processor Processor1 year warranty for phone and 1 year warranty for in Box Accessories.",4.6,"₹79,900"
"Apple iPhone 14 Plus (Starlight, 128 GB)","128 GB ROM17.02 cm (6.7 inch) Super Retina XDR Display12MP + 12MP | 12MP Front CameraA15 Bionic Chip, 6 Core Processor Processor1 year warranty for phone and 1 year warranty for in Box Accessories.",4.6,"₹69,900"
"Apple iPhone 16 (Teal, 512 GB)","512 GB ROM15.49 cm (6.1 inch) Super Retina XDR Display48MP + 12MP | 12MP Front CameraA18 Chip, 6 Core Processor Processor1 year warranty for phone and 1 year warranty for in Box Accessories.",4.6,"₹99,900"
"Apple iPhone 15 (Pink, 128 GB)","128 GB ROM15.49 cm (6.1 inch) Super Retina XDR Display48MP + 12MP | 12MP Front CameraA16 Bionic Chip, 6 Core Processor Processor1 year warranty for phone and 1 year warranty for in Box Accessories.",4.6,"₹59,900"
"Apple iPhone 16 Plus (Teal, 256 GB)","256 GB ROM17.02 cm (6.7 inch) Super Retina XDR Display48MP + 12MP | 12MP Front CameraA18 Chip, 6 Core Processor Processor1 year warranty for phone and 1 year warranty for in Box Accessories.",4.6,"₹89,900"
"Apple iPhone 11 (Black, 64 GB)",64 GB ROM15.49 cm (6.1 inch) Liquid Retina HD Display12MP + 12MP | 12MP Front CameraA13 Bionic Chip Processor1 year warranty for phone and 1 year warranty for in Box Accessories.,4.6,"₹43,900"
"Apple iPhone 16 Plus (Pink, 128 GB)","128 GB ROM17.02 cm (6.7 inch) Super Retina XDR Display48MP + 12MP | 12MP Front CameraA18 Chip, 6 Core Processor Processor1 year warranty for phone and 1 year warranty for in Box Accessories.",4.6,"₹79,900"
"Apple iPhone 15 Plus (Blue, 256 GB)","256 GB ROM17.02 cm (6.7 inch) Super Retina XDR Display48MP + 12MP | 12MP Front CameraA16 Bionic Chip, 6 Core Processor Processor1 year warranty for phone and 1 year warranty for in Box Accessories.",4.6,"₹79,900"
"Apple iPhone Air (Space Black, 512 GB)","512 GB ROM16.51 cm (6.5 inch) Super Retina XDR Display48MP Rear Camera | 18MP Front CameraA19 Chip, 6 Core Processor ProcessorApple One (1) Year Limited Warranty",4.8,"₹1,39,900"
"Apple iPhone Air (Cloud White, 256 GB)","256 GB ROM16.51 cm (6.5 inch) Super Retina XDR Display48MP Rear Camera | 18MP Front CameraA19 Chip, 6 Core Processor ProcessorApple One (1) Year Limited Warranty",4.8,"₹1,19,900"
"Apple iPhone 17 Pro Max (Cosmic Orange, 2 TB)","2 TB ROM17.53 cm (6.9 inch) Super Retina XDR Display48MP + 48MP + 48MP | 18MP Front CameraA19 Chip, 6 Core Processor ProcessorApple One (1) Year Limited Warranty",4.8,"₹2,29,900"
"Apple iPhone 17 Pro Max (Deep Blue, 512 GB)","512 GB ROM17.53 cm (6.9 inch) Super Retina XDR Display48MP + 48MP + 48MP | 18MP Front CameraA19 Chip, 6 Core Processor ProcessorApple One (1) Year Limited Warranty",4.8,"₹1,69,900"
"Apple iPhone 17 Pro (Deep Blue, 512 GB)","512 GB ROM16.0 cm (6.3 inch) Super Retina XDR Display48MP + 48MP + 48MP | 18MP Front CameraA19 Chip, 6 Core Processor ProcessorApple One (1) Year Limited Warranty",4.7,"₹1,54,900"
"Apple iPhone Air (Cloud White, 512 GB)","512 GB ROM16.51 cm (6.5 inch) Super Retina XDR Display48MP Rear Camera | 18MP Front CameraA19 Chip, 6 Core Processor ProcessorApple One (1) Year Limited Warranty",4.8,"₹1,39,900"
"Apple iPhone SE (Red, 64 GB)","64 GB ROM11.94 cm (4.7 inch) Retina HD Display12MP Rear Camera | 7MP Front CameraA13 Bionic Chip with 3rd Gen Neural Engine ProcessorWater and Dust Resistant (1 meter for Upto 30 minutes, IP67)Fast Charge CapableWireless charging (Works with Qi Chargers | Qi Chargers are Sold Separately1 year warranty for phone and 1 year warranty for in Box Accessories.",4.5,"₹39,900"
"Apple iPhone Air (Sky Blue, 512 GB)","512 GB ROM16.51 cm (6.5 inch) Super Retina XDR Display48MP Rear Camera | 18MP Front CameraA19 Chip, 6 Core Processor ProcessorApple One (1) Year Limited Warranty",4.8,"₹1,39,900"
"Apple iPhone 16 Plus (Ultramarine, 128 GB)","128 GB ROM17.02 cm (6.7 inch) Super Retina XDR Display48MP + 12MP | 12MP Front CameraA18 Chip, 6 Core Processor Processor1 year warranty for phone and 1 year warranty for in Box Accessories.",4.6,"₹79,900"
"Apple iPhone 17 Pro (Deep Blue, 1 TB)","1 TB ROM16.0 cm (6.3 inch) Super Retina XDR Display48MP + 48MP + 48MP | 18MP Front CameraA19 Chip, 6 Core Processor ProcessorApple One (1) Year Limited Warranty",4.7,"₹1,74,900"
"Apple iPhone Air (Light Gold, 512 GB)","512 GB ROM16.51 cm (6.5 inch) Super Retina XDR Display48MP Rear Camera | 18MP Front CameraA19 Chip, 6 Core Processor ProcessorApple One (1) Year Limited Warranty",4.8,"₹1,39,900"
"Apple iPhone Air (Space Black, 256 GB)","256 GB ROM16.51 cm (6.5 inch) Super Retina XDR Display48MP Rear Camera | 18MP Front CameraA19 Chip, 6 Core Processor ProcessorApple One (1) Year Limited Warranty",4.8,"₹1,19,900"
"Apple iPhone 16 Plus (Pink, 512 GB)","512 GB ROM17.02 cm (6.7 inch) Super Retina XDR Display48MP + 12MP | 12MP Front CameraA18 Chip, 6 Core Processor Processor1 year warranty for phone and 1 year warranty for in Box Accessories.",4.6,"₹1,09,900"
"Apple iPhone Air (Cloud White, 1 TB)","1 TB ROM16.51 cm (6.5 inch) Super Retina XDR Display48MP Rear Camera | 18MP Front CameraA19 Chip, 6 Core Processor ProcessorApple One (1) Year Limited Warranty",4.8,"₹1,59,900"
"Apple iPhone Air (Light Gold, 1 TB)","1 TB ROM16.51 cm (6.5 inch) Super Retina XDR Display48MP Rear Camera | 18MP Front CameraA19 Chip, 6 Core Processor ProcessorApple One (1) Year Limited Warranty",4.8,"₹1,59,900"
"Apple iPhone 16 Plus (Ultramarine, 512 GB)","512 GB ROM17.02 cm (6.7 inch) Super Retina XDR Display48MP + 12MP | 12MP Front CameraA18 Chip, 6 Core Processor Processor1 year warranty for phone and 1 year warranty for in Box Accessories.",4.6,"₹1,09,900"
"Apple iPhone 16 Plus (Teal, 512 GB)","512 GB ROM17.02 cm (6.7 inch) Super Retina XDR Display48MP + 12MP | 12MP Front CameraA18 Chip, 6 Core Processor Processor1 year warranty for phone and 1 year warranty for in Box Accessories.",4.6,"₹1,09,900"
"Apple iPhone 16 Plus (White, 512 GB)","512 GB ROM17.02 cm (6.7 inch) Super Retina XDR Display48MP + 12MP | 12MP Front CameraA18 Chip, 6 Core Processor Processor1 year warranty for phone and 1 year warranty for in Box Accessories.",4.6,"₹1,09,900"
"Apple iPhone Air (Light Gold, 256 GB)","256 GB ROM16.51 cm (6.5 inch) Super Retina XDR Display48MP Rear Camera | 18MP Front CameraA19 Chip, 6 Core Processor ProcessorApple One (1) Year Limited Warranty",4.8,"₹1,19,900"
"Apple iPhone Air (Space Black, 1 TB)","1 TB ROM16.51 cm (6.5 inch) Super Retina XDR Display48MP Rear Camera | 18MP Front CameraA19 Chip, 6 Core Processor ProcessorApple One (1) Year Limited Warranty",4.8,"₹1,59,900"
"Apple iPhone SE (White, 64 GB)","64 GB ROM11.94 cm (4.7 inch) Retina HD Display12MP Rear Camera | 7MP Front CameraA13 Bionic Chip with 3rd Gen Neural Engine ProcessorWater and Dust Resistant (1 meter for Upto 30 minutes, IP67)Fast Charge CapableWireless charging (Works with Qi Chargers | Qi Chargers are Sold Separately1 year warranty for phone and 1 year warranty for in Box Accessories.",4.5,"₹39,900"
"Apple iPhone 13 (Midnight, 512 GB)",512 GB ROM15.49 cm (6.1 inch) Super Retina XDR Display12MP + 12MP | 12MP Front CameraA15 Bionic Chip Processor1 year warranty for phone and 1 year warranty for in Box Accessories.,4.6,"₹79,900"
"Apple iPhone 17 Pro Max (Deep Blue, 2 TB)","2 TB ROM17.53 cm (6.9 inch) Super Retina XDR Display48MP + 48MP + 48MP | 18MP Front CameraA19 Chip, 6 Core Processor ProcessorApple One (1) Year Limited Warranty",4.8,"₹2,29,900"
"Apple iPhone 8 (Gold, 256 GB)","256 GB ROM11.94 cm (4.7 inch) Retina HD Display12MP Rear Camera | 7MP Front CameraA11 Bionic Chip with 64-bit Architecture, Neural Engine, Embedded M11 Motion Coprocessor ProcessorBrand Warranty of 1 Year",4.5,"₹77,000"
"Apple iPhone 8 Plus (Silver, 256 GB)","256 GB ROM13.97 cm (5.5 inch) Retina HD Display12MP + 12MP | 7MP Front CameraA11 Bionic Chip with 64-bit Architecture, Neural Engine, Embedded M11 Motion Coprocessor ProcessorBrand Warranty of 1 Year",4.6,"₹84,900"
"Apple iPhone XR (Coral, 128 GB) (Includes EarPods, Power Adapter)",128 GB ROM15.49 cm (6.1 inch) Display12MP Rear Camera | 7MP Front CameraA12 Bionic Chip ProcessoriOS 13 Compatible1 year warranty for phone and 1 year warranty for in Box Accessories.,4.6,"₹52,900"
"Apple iPhone 15 Pro Max (Black Titanium, 512 GB)","512 GB ROM17.02 cm (6.7 inch) Super Retina XDR Display48MP + 12MP + 12MP | 12MP Front CameraA17 Pro Chip, 6 Core Processor Processor1 year warranty for phone and 1 year warranty for in Box Accessories.",4.6,"₹1,79,900"
"Apple iPhone 12 Pro (Pacific Blue, 128 GB)","128 GB ROM15.49 cm (6.1 inch) Super Retina XDR Display12MP + 12MP + 12MP | 12MP Front CameraA14 Bionic Chip with Next Generation Neural Engine ProcessorCeramic Shield | Industry-leading IP68 Water ResistanceAll Screen OLED DisplayLiDAR Scanner for Improved AR Experiences, Night Mode Portraits1 year warranty for phone and 1 year warranty for in Box Accessories.",4.5,"₹1,09,900"
"Apple iPhone 8 Plus (Gold, 64 GB)","64 GB ROM13.97 cm (5.5 inch) Retina HD Display12MP + 12MP | 7MP Front CameraA11 Bionic Chip with 64-bit Architecture, Neural Engine, Embedded M11 Motion Coprocessor ProcessorBrand Warranty of 1 Year",4.6,"₹49,900"
"Apple iPhone 14 Plus (Midnight, 128 GB)","128 GB ROM17.02 cm (6.7 inch) Super Retina XDR Display12MP + 12MP | 12MP Front CameraA15 Bionic Chip, 6 Core Processor Processor1 year warranty for phone and 1 year warranty for in Box Accessories.",4.6,"₹69,900"
"Apple iPhone 8 (Silver, 256 GB)","256 GB ROM11.94 cm (4.7 inch) Retina HD Display12MP Rear Camera | 7MP Front CameraA11 Bionic Chip with 64-bit Architecture, Neural Engine, Embedded M11 Motion Coprocessor ProcessorBrand Warranty of 1 Year",4.5,"₹77,000"
"Apple iPhone 15 Pro Max (White Titanium, 512 GB)","512 GB ROM17.02 cm (6.7 inch) Super Retina XDR Display48MP + 12MP + 12MP | 12MP Front CameraA17 Pro Chip, 6 Core Processor Processor1 year warranty for phone and 1 year warranty for in Box Accessories.",4.6,"₹1,79,900"
"Apple iPhone 8 Plus (Silver, 64 GB)","64 GB ROM13.97 cm (5.5 inch) Retina HD Display12MP + 12MP | 7MP Front CameraA11 Bionic Chip with 64-bit Architecture, Neural Engine, Embedded M11 Motion Coprocessor ProcessorBrand Warranty of 1 Year",4.6,"₹49,900"
"Apple iPhone Air (Sky Blue, 1 TB)","1 TB ROM16.51 cm (6.5 inch) Super Retina XDR Display48MP Rear Camera | 18MP Front CameraA19 Chip, 6 Core Processor ProcessorApple One (1) Year Limited Warranty",4.8,"₹1,59,900"
"Apple iPhone 14 Plus (Blue, 256 GB)","256 GB ROM17.02 cm (6.7 inch) Super Retina XDR Display12MP + 12MP | 12MP Front CameraA15 Bionic Chip, 6 Core Processor Processor1 year warranty for phone and 1 year warranty for in Box Accessories.",4.6,"₹79,900"
"Apple iPhone 8 Plus (Space Grey, 64 GB)","64 GB ROM13.97 cm (5.5 inch) Retina HD Display12MP + 12MP | 7MP Front CameraA11 Bionic Chip with 64-bit Architecture, Neural Engine, Embedded M11 Motion Coprocessor ProcessorBrand Warranty of 1 Year",4.6,"₹49,900"
"Apple iPhone XR (White, 64 GB) (Includes EarPods, Power Adapter)",64 GB ROM15.49 cm (6.1 inch) Display12MP Rear Camera | 7MP Front CameraA12 Bionic Chip ProcessoriOS 13 Compatible1 year warranty for phone and 1 year warranty for in Box Accessories.,4.6,"₹47,900"
"Apple iPhone SE (Black, 64 GB)","64 GB ROM11.94 cm (4.7 inch) Retina HD Display12MP Rear Camera | 7MP Front CameraA13 Bionic Chip with 3rd Gen Neural Engine ProcessorWater and Dust Resistant (1 meter for Upto 30 minutes, IP67)Fast Charge CapableWireless charging (Works with Qi Chargers | Qi Chargers are Sold Separately1 year warranty for phone and 1 year warranty for in Box Accessories.",4.5,"₹39,900"
"Apple iPhone XR (Yellow, 64 GB) (Includes EarPods, Power Adapter)",64 GB ROM15.49 cm (6.1 inch) Display12MP Rear Camera | 7MP Front CameraA12 Bionic Chip ProcessoriOS 13 Compatible1 year warranty for phone and 1 year warranty for in Box Accessories.,4.6,"₹47,900"
"Infinix Smart 7 HD (Green Apple, 64 GB)","2 GB RAM | 64 GB ROM | Expandable Upto 1 TB16.76 cm (6.6 inch) HD+ Display8MP + AI Lens | 5MP Front Camera5000 mAh BatterySpreadtrum 
SC9863A1 Processor1 Year on Handset and 6 Months on Accessories",4.2,"₹6,199"
"(Refurbished) Samsung Galaxy S23 5G (Cream, 256 GB)",Grade: Refurbished - SuperbCompatible Charger & Cable8 GB RAM | 256 GB ROM |15.49 cm Full HD+ Display50MP Rear Camera | 12MP Front Camera3900 mAh BatteryQualcomm Snapdragon 8 Gen 2 ProcessorSeller warranty of 1 Year,3.9,"₹39,999"
"Apple iPhone 17 (White, 256 GB)","256 GB ROM16.0 cm (6.3 inch) Super Retina XDR Display48MP + 48MP | 18MP Front CameraA19 Chip, 6 Core Processor ProcessorApple One (1) Year Limited Warranty",4.7,"₹82,900"
"Apple iPhone 17 (Sage, 256 GB)","256 GB ROM16.0 cm (6.3 inch) Super Retina XDR Display48MP + 48MP | 18MP Front CameraA19 Chip, 6 Core Processor ProcessorApple One (1) Year Limited Warranty",4.7,"₹82,900"
"Apple iPhone 17 (Mist Blue, 256 GB)","256 GB ROM16.0 cm (6.3 inch) Super Retina XDR Display48MP + 48MP | 18MP Front CameraA19 Chip, 6 Core Processor ProcessorApple One (1) Year Limited Warranty",4.7,"₹82,900"
"Apple iPhone 15 (Blue, 128 GB)","128 GB ROM15.49 cm (6.1 inch) Super Retina XDR Display48MP + 12MP | 12MP Front CameraA16 Bionic Chip, 6 Core Processor Processor1 year warranty for phone and 1 year warranty for in Box Accessories.",4.6,"₹59,900"
"Apple iPhone 17 Pro (Cosmic Orange, 256 GB)","256 GB ROM16.0 cm (6.3 inch) Super Retina XDR Display48MP + 48MP + 48MP | 18MP Front CameraA19 Chip, 6 Core Processor ProcessorApple One (1) Year Limited Warranty",4.7,"₹1,34,900"
"Apple iPhone 16e (Black, 128 GB)","128 GB ROM15.49 cm (6.1 inch) Super Retina XDR Display48MP Rear Camera | 12MP Front CameraA18 Chip, 6 Core Processor1 year warranty for phone and 1 year warranty for in Box Accessories.",4.5,"₹54,900"
"Apple iPhone 13 (Blue, 128 GB)",128 GB ROM15.49 cm (6.1 inch) Super Retina XDR Display12MP + 12MP | 12MP Front CameraA15 Bionic Chip Processor1 year warranty for phone and 1 year warranty for in Box Accessories.,4.6,"₹49,900"
"Apple iPhone 16 Pro (Desert Titanium, 1 TB)","1 TB ROM16.0 cm (6.3 inch) Super Retina XDR Display48MP + 48MP + 12MP | 12MP Front CameraA18 Pro Chip, 6 Core Processor Processor1 year warranty for phone and 1 year warranty for in Box Accessories.",4.7,"₹1,59,900"
"Apple iPhone 17 Pro Max (Cosmic Orange, 256 GB)","256 GB ROM17.53 cm (6.9 inch) Super Retina XDR Display48MP + 48MP + 48MP | 18MP Front CameraA19 Chip, 6 Core Processor ProcessorApple One (1) Year Limited Warranty",4.8,"₹1,49,900"
"Apple iPhone 16 Pro (Natural Titanium, 1 TB)","1 TB ROM16.0 cm (6.3 inch) Super Retina XDR Display48MP + 48MP + 12MP | 12MP Front CameraA18 Pro Chip, 6 Core Processor Processor1 year warranty for phone and 1 year warranty for in Box Accessories.",4.7,"₹1,59,900"
"Apple iPhone 17 Pro Max (Cosmic Orange, 512 GB)","512 GB ROM17.53 cm (6.9 inch) Super Retina XDR Display48MP + 48MP + 48MP | 18MP Front CameraA19 Chip, 6 Core Processor ProcessorApple One (1) Year Limited Warranty",4.8,"₹1,69,900"
"Apple iPhone 16 Pro (Black Titanium, 512 GB)","512 GB ROM16.0 cm (6.3 inch) Super Retina XDR Display48MP + 48MP + 12MP | 12MP Front CameraA18 Pro Chip, 6 Core Processor Processor1 year warranty for phone and 1 year warranty for in Box Accessories.",4.7,"₹1,39,900"
"Apple iPhone 17 (Sage, 512 GB)","512 GB ROM16.0 cm (6.3 inch) Super Retina XDR Display48MP + 48MP | 18MP Front CameraA19 Chip, 6 Core Processor ProcessorApple One (1) Year Limited Warranty",4.7,"₹1,02,900"
"Apple iPhone 16 Pro Max (Desert Titanium, 512 GB)","512 GB ROM17.53 cm (6.9 inch) Super Retina XDR Display48MP + 48MP + 12MP | 12MP Front CameraA18 Pro Chip, 6 Core Processor Processor1 year warranty for phone and 1 year warranty for in Box Accessories.",4.7,"₹1,54,900"
"Apple iPhone 16 Pro (White Titanium, 512 GB)","512 GB ROM16.0 cm (6.3 inch) Super Retina XDR Display48MP + 48MP + 12MP | 12MP Front CameraA18 Pro Chip, 6 Core Processor Processor1 year warranty for phone and 1 year warranty for in Box Accessories.",4.7,"₹1,39,900"
"Apple iPhone 14 (Purple, 128 GB)","128 GB ROM15.49 cm (6.1 inch) Super Retina XDR Display12MP + 12MP | 12MP Front CameraA15 Bionic Chip, 6 Core Processor Processor1 year warranty for phone and 1 year warranty for in Box Accessories.",4.6,"₹54,900"
"Apple iPhone 15 (Blue, 256 GB)","256 GB ROM15.49 cm (6.1 inch) Super Retina XDR Display48MP + 12MP | 12MP Front CameraA16 Bionic Chip, 6 Core Processor Processor1 year warranty for phone and 1 year warranty for in Box Accessories.",4.6,"₹69,900"
"Apple iPhone 16 (White, 512 GB)","512 GB ROM15.49 cm (6.1 inch) Super Retina XDR Display48MP + 12MP | 12MP Front CameraA18 Chip, 6 Core Processor Processor1 year warranty for phone and 1 year warranty for in Box Accessories.",4.6,"₹99,900"
"Apple iPhone 16 Pro Max (Natural Titanium, 1 TB)","1 TB ROM17.53 cm (6.9 inch) Super Retina XDR Display48MP + 48MP + 12MP | 12MP Front CameraA18 Pro Chip, 6 Core Processor Processor1 year warranty for phone and 1 year warranty for in Box Accessories.",4.7,"₹1,74,900"
"Apple iPhone 16 Pro (White Titanium, 1 TB)","1 TB ROM16.0 cm (6.3 inch) Super Retina XDR Display48MP + 48MP + 12MP | 12MP Front CameraA18 Pro Chip, 6 Core Processor Processor1 year warranty for phone and 1 year warranty for in Box Accessories.",4.7,"₹1,59,900"
"Apple iPhone 13 Pro (Silver, 256 GB)",256 GB ROM15.49 cm (6.1 inch) Super Retina XDR Display12MP + 12MP + 12MP | 12MP Front CameraA15 Bionic Chip Processor1 year warranty for phone and 1 year warranty for in Box Accessories.,4.7,"₹1,29,900"
"Apple iPhone 16 (Pink, 512 GB)","512 GB ROM15.49 cm (6.1 inch) Super Retina XDR Display48MP + 12MP | 12MP Front CameraA18 Chip, 6 Core Processor Processor1 year warranty for phone and 1 year warranty for in Box Accessories.",4.6,"₹99,900"
"Apple iPhone 17 (Mist Blue, 512 GB)","512 GB ROM16.0 cm (6.3 inch) Super Retina XDR Display48MP + 48MP | 18MP Front CameraA19 Chip, 6 Core Processor ProcessorApple One (1) Year Limited Warranty",4.7,"₹1,02,900"
"Apple iPhone 16 (Teal, 512 GB)","512 GB ROM15.49 cm (6.1 inch) Super Retina XDR Display48MP + 12MP | 12MP Front CameraA18 Chip, 6 Core Processor Processor1 year warranty for phone and 1 year warranty for in Box Accessories.",4.6,"₹99,900"
"Apple iPhone 16 (White, 512 GB)","512 GB ROM15.49 cm (6.1 inch) Super Retina XDR Display48MP + 12MP | 12MP Front CameraA18 Chip, 6 Core Processor Processor1 year warranty for phone and 1 year warranty for in Box Accessories.",4.6,"₹99,900"
"Apple iPhone 7 (Silver, 128 GB)",128 GB ROM11.94 cm (4.7 inch) Retina HD Display12MP Rear Camera | 7MP Front CameraApple A10 Fusion 64-bit processor and Embedded M10 Motion Co-processorBrand Warranty of 1 Year,4.5,"₹34,900"
"Apple iPhone 13 Pro Max (Graphite, 256 GB)",256 GB ROM17.02 cm (6.7 inch) Super Retina XDR Display12MP + 12MP + 12MP | 12MP Front CameraA15 Bionic Chip Processor1 year warranty for phone and 1 year warranty for in Box Accessories.,4.6,"₹1,39,900"
"Apple iPhone 17 (White, 512 GB)","512 GB ROM16.0 cm (6.3 inch) Super Retina XDR Display48MP + 48MP | 18MP Front CameraA19 Chip, 6 Core Processor ProcessorApple One (1) Year Limited Warranty",4.7,"₹1,02,900"
"Apple iPhone 5C (Pink, 8 GB)",8 GB ROM10.16 cm (4 inch) Retina Display8MP Rear Camera | 1.2MP Front CameraA6 Chip Processor1 Year Manufacturer Warranty,3.9,"₹37,500"
"Apple iPhone XR (White, 64 GB)","64 GB ROM15.49 cm (6.1 inch) Display12MP Rear Camera | 7MP Front CameraA12 Bionic Chip ProcessorWater and Dust Resistant (1 meter for Upto 30 minutes, IP67)Face ID for Secure AuthenticationFast-charge Capable1 year warranty for phone and 1 year warranty for in Box Accessories.",4.6,"₹47,900"
"Apple iPhone 12 Pro Max (Silver, 128 GB)","128 GB ROM17.02 cm (6.7 inch) Super Retina XDR Display12MP + 12MP + 12MP | 12MP Front CameraA14 Bionic Chip with Next Generation Neural Engine ProcessorCeramic Shield | Industry-leading IP68 Water ResistanceAll Screen OLED DisplayLiDAR Scanner for Improved AR Experiences, Night Mode Portraits1 year warranty for phone and 1 year warranty for in Box Accessories.",4.5,"₹1,19,900"
"Apple iPhone 16 Pro Max (Natural Titanium, 1 TB)","1 TB ROM17.53 cm (6.9 inch) Super Retina XDR Display48MP + 48MP + 12MP | 12MP Front CameraA18 Pro Chip, 6 Core Processor Processor1 year warranty for phone and 1 year warranty for in Box Accessories.",4.7,"₹1,74,900"
"Apple iPhone 16e (White, 256 GB)","256 GB ROM15.49 cm (6.1 inch) Super Retina XDR Display48MP Rear Camera | 12MP Front CameraA18 Chip, 6 Core Processor1 year warranty for phone and 1 year warranty for in Box Accessories.",4.5,"₹64,900"
"Apple iPhone 6 (Gold, 64 GB)",64 GB ROM11.94 cm (4.7 inch) Retina HD Display8MP Rear Camera | 1.2MP Front CameraA8 Chip with 64-bit Architecture and M8 Motion Co-processor1 Year Manufacturer Warranty,4.4,"₹62,500"
"Apple iPhone 5C (Yellow, 8 GB)",8 GB ROM10.16 cm (4 inch) Retina Display8MP Rear Camera | 1.2MP Front CameraA6 Chip Processor1 Year Manufacturer Warranty,3.9,"₹37,500"
"Apple iPhone 14 Pro (Gold, 1 TB)","1 TB ROM15.49 cm (6.1 inch) Super Retina XDR Display48MP + 12MP + 12MP | 12MP Front CameraA16 Bionic Chip, 6 Core Processor Processor1 year warranty for phone and 1 year warranty for in Box Accessories.",4.7,"₹1,69,900"
"Apple iPhone 6 Plus (Gold, 64 GB)",64 GB ROM13.97 cm (5.5 inch) Retina HD Display8MP Rear Camera | 1.2MP Front CameraA8 Chip with 64-bit Architecture and M8 Motion Co-processor1 Year Manufacturer Warranty,4.5,"₹71,500"
"Apple iPhone 16 (Ultramarine, 512 GB)","512 GB ROM15.49 cm (6.1 inch) Super Retina XDR Display48MP + 12MP | 12MP Front CameraA18 Chip, 6 Core Processor Processor1 year warranty for phone and 1 year warranty for in Box Accessories.",4.6,"₹99,900"
"Apple iPhone 6 Plus (Gold, 128 GB)",128 GB ROM13.97 cm (5.5 inch) Retina HD Display8MP Rear Camera | 1.2MP Front CameraA8 Chip with 64-bit Architecture and M8 Motion Co-processor1 Year Manufacturer Warranty,4.7,"₹80,500"
"Apple iPhone XR (Black, 128 GB)","128 GB ROM15.49 cm (6.1 inch) Display12MP Rear Camera | 7MP Front CameraA12 Bionic Chip ProcessorWater and Dust Resistant (1 meter for Upto 30 minutes, IP67)Face ID for Secure AuthenticationFast-charge Capable1 year warranty for phone and 1 year warranty for in Box Accessories.",4.6,"₹52,900"
"Apple iPhone 11 (Purple, 128 GB)",128 GB ROM15.49 cm (6.1 inch) Liquid Retina HD Display12MP + 12MP | 12MP Front CameraA13 Bionic Chip Processor1 year warranty for phone and 1 year warranty for in Box Accessories.,4.6,"₹48,900"
"Apple iPhone 6 Plus (Space Grey, 128 GB)",128 GB ROM13.97 cm (5.5 inch) Retina HD Display8MP Rear Camera | 1.2MP Front CameraA8 Chip with 64-bit Architecture and M8 Motion Co-processor1 Year Manufacturer Warranty,4.5,"₹80,500"
"Apple iPhone 6 (Silver, 16 GB)",16 GB ROM11.94 cm (4.7 inch) Retina HD Display8MP Rear Camera | 1.2MP Front CameraApple A8 64-bit processor and M8 Motion Co-processor1 Year Manufacturer Warranty,4.4,"₹36,990"
"Apple iPhone 12 Pro (Graphite, 256 GB)","256 GB ROM15.49 cm (6.1 inch) Super Retina XDR Display12MP + 12MP + 12MP | 12MP Front CameraA14 Bionic Chip with Next Generation Neural Engine ProcessorCeramic Shield | Industry-leading IP68 Water ResistanceAll Screen OLED DisplayLiDAR Scanner for Improved AR Experiences, Night Mode Portraits1 year warranty for phone and 1 year warranty for in Box Accessories.",4.5,"₹1,19,900"
"Apple iPhone 13 Pro Max (Gold, 256 GB)",256 GB ROM17.02 cm (6.7 inch) Super Retina XDR Display12MP + 12MP + 12MP | 12MP Front CameraA15 Bionic Chip Processor1 year warranty for phone and 1 year warranty for in Box Accessories.,4.6,"₹1,39,900"
"Apple iPhone 15 Pro (Natural Titanium, 1 TB)","1 TB ROM15.49 cm (6.1 inch) Super Retina XDR Display48MP + 12MP + 12MP | 12MP Front CameraA17 Pro Chip, 6 Core Processor Processor1 year warranty for phone and 1 year warranty for in Box Accessories.",4.7,"₹1,84,900"
"Apple iPhone 12 (Purple, 128 GB)","128 GB ROM15.49 cm (6.1 inch) Super Retina XDR Display12MP + 12MP | 12MP Front CameraA14 Bionic Chip with Next Generation Neural Engine ProcessorCeramic ShieldIndustry-leading IP68 Water ResistanceAll Screen OLED Display12MP TrueDepth Front Camera with Night Mode, 4K Dolby Vision HDR Recording1 year warranty for phone and 1 year warranty for in Box Accessories.",4.6,"₹54,900"
"Apple iPhone 13 (Midnight, 256 GB)",256 GB ROM15.49 cm (6.1 inch) Super Retina XDR Display12MP + 12MP | 12MP Front CameraA15 Bionic Chip Processor1 year warranty for phone and 1 year warranty for in Box Accessories.,4.6,"₹59,900"
"Apple iPhone XR (White, 128 GB) (Includes EarPods, Power Adapter)",128 GB ROM15.49 cm (6.1 inch) Display12MP Rear Camera | 7MP Front CameraA12 Bionic Chip ProcessoriOS 13 Compatible1 year warranty for phone and 1 year warranty for in Box Accessories.,4.6,"₹44,999"
"Apple iPhone 6 (Space Grey, 64 GB)",64 GB ROM11.94 cm (4.7 inch) Retina HD Display8MP Rear Camera | 1.2MP Front CameraA8 Chip with 64-bit Architecture and M8 Motion Co-processor1 Year Manufacturer Warranty,4.4,"₹44,999"
"Apple iPhone 14 (Purple, 256 GB)","256 GB ROM15.49 cm (6.1 inch) Super Retina XDR Display12MP + 12MP | 12MP Front CameraA15 Bionic Chip, 6 Core Processor Processor1 year warranty for phone and 1 year warranty for in Box Accessories.",4.6,"₹64,900"
"Apple iPhone 13 Pro (Graphite, 512 GB)",512 GB ROM15.49 cm (6.1 inch) Super Retina XDR Display12MP + 12MP + 12MP | 12MP Front CameraA15 Bionic Chip Processor1 year warranty for phone and 1 year warranty for in Box Accessories.,4.7,"₹1,49,900"
"Apple iPhone 16 Plus (Ultramarine, 256 GB)","256 GB ROM17.02 cm (6.7 inch) Super Retina XDR Display48MP + 12MP | 12MP Front CameraA18 Chip, 6 Core Processor Processor1 year warranty for phone and 1 year warranty for in Box Accessories.",4.6,"₹89,900"
"Apple iPhone 6s (Gold, 16 GB)",16 GB ROM11.94 cm (4.7 inch) Retina HD Display12MP Rear Camera | 5MP Front CameraA9 Chip with 64-bit Architecture and M9 Motion Co-processorBrand Warranty of 1 Year,4.5,"₹41,999"
"Apple iPhone 12 mini (Purple, 64 GB)",64 GB ROM13.72 cm (5.4 inch) Super Retina XDR Display12MP + 12MP | 12MP Front CameraA14 Bionic Chip with Next Generation Neural Engine ProcessorCeramic ShieldIP68 Water ResistanceAll Screen OLED Display1 year warranty for phone and 1 year warranty for in Box Accessories.,4.5,"₹59,900"
"Apple iPhone 12 (Purple, 64 GB)","64 GB ROM15.49 cm (6.1 inch) Super Retina XDR Display12MP + 12MP | 12MP Front CameraA14 Bionic Chip with Next Generation Neural Engine ProcessorCeramic ShieldIndustry-leading IP68 Water ResistanceAll Screen OLED Display12MP TrueDepth Front Camera with Night Mode, 4K Dolby Vision HDR Recording1 year warranty for phone and 1 year warranty for in Box Accessories.",4.6,"₹49,900"
"Apple iPhone 13 (Midnight, 512 GB)",512 GB ROM15.49 cm (6.1 inch) Super Retina XDR Display12MP + 12MP | 12MP Front CameraA15 Bionic Chip Processor1 year warranty for phone and 1 year warranty for in Box Accessories.,4.6,"₹79,900"
"Apple iPhone 13 Pro (Graphite, 256 GB)",256 GB ROM15.49 cm (6.1 inch) Super Retina XDR Display12MP + 12MP + 12MP | 12MP Front CameraA15 Bionic Chip Processor1 year warranty for phone and 1 year warranty for in Box Accessories.,4.7,"₹1,29,900"
"Apple iPhone 7 (Jet Black, 32 GB)",32 GB ROM11.94 cm (4.7 inch) Retina HD Display12MP Rear Camera | 7MP Front CameraA10 Fusion 64-bit processor and Embedded M10 Motion Co-processoriOS 13 CompatibleBrand Warranty of 1 Year,4.5,"₹31,500"
"Apple iPhone 13 Pro Max (Graphite, 128 GB)",128 GB ROM17.02 cm (6.7 inch) Super Retina XDR Display12MP + 12MP + 12MP | 12MP Front CameraA15 Bionic Chip Processor1 year warranty for phone and 1 year warranty for in Box Accessories.,4.6,"₹1,29,900"
"Apple iPhone 14 (Purple, 512 GB)","512 GB ROM15.49 cm (6.1 inch) Super Retina XDR Display12MP + 12MP | 12MP Front CameraA15 Bionic Chip, 6 Core Processor Processor1 year warranty for phone and 1 year warranty for in Box Accessories.",4.6,"₹89,900"
"Apple iPhone 6s Plus (Rose Gold, 16 GB)",16 GB ROM13.97 cm (5.5 inch) Retina HD Display12MP Rear Camera | 5MP Front CameraA9 Chip with 64-bit Architecture and M9 Motion Co-processorBrand Warranty of 1 Year,4.4,"₹49,999"
"Apple iPhone 7 (Gold, 256 GB)",256 GB ROM11.94 cm (4.7 inch) Retina HD Display12MP Rear Camera | 7MP Front CameraA10 Fusion Chip with 64-bit Architecture and Embedded M10 Motion Co-processorBrand Warranty of 1 Year,4.5,"₹74,400"
"Apple iPhone 7 (Gold, 128 GB)",128 GB ROM11.94 cm (4.7 inch) Retina HD Display12MP Rear Camera | 7MP Front CameraApple A10 Fusion 64-bit processor and Embedded M10 Motion Co-processorBrand Warranty of 1 Year,4.5,"₹34,900"
"Apple iPhone SE (Black, 256 GB)","256 GB ROM11.94 cm (4.7 inch) Retina HD Display12MP Rear Camera | 7MP Front CameraA13 Bionic Chip with 3rd Gen Neural Engine ProcessorWater and Dust Resistant (1 meter for Upto 30 minutes, IP67)Fast Charge CapableWireless charging (Works with Qi Chargers | Qi Chargers are Sold Separately1 year warranty for phone and 1 year warranty for in Box Accessories.",4.5,"₹54,900"
"Apple iPhone 7 (Rose Gold, 128 GB)",128 GB ROM11.94 cm (4.7 inch) Retina HD Display12MP Rear Camera | 7MP Front CameraA10 Fusion Chip with 64-bit Architecture and Embedded M10 Motion Co-processorBrand Warranty of 1 Year,4.5,"₹34,900"
"Apple iPhone 12 Pro Max (Pacific Blue, 128 GB)","128 GB ROM17.02 cm (6.7 inch) Super Retina XDR Display12MP + 12MP + 12MP | 12MP Front CameraA14 Bionic Chip with Next Generation Neural Engine ProcessorCeramic Shield | Industry-leading IP68 Water ResistanceAll Screen OLED DisplayLiDAR Scanner for Improved AR Experiences, Night Mode Portraits1 year warranty for phone and 1 year warranty for in Box Accessories.",4.5,"₹1,19,900"
"Apple iPhone SE (Black, 256 GB) (Includes EarPods, Power Adapter)","256 GB ROM11.94 cm (4.7 inch) Retina HD Display12MP Rear Camera | 7MP Front CameraA13 Bionic Chip with 3rd Gen Neural Engine ProcessorWater and Dust Resistant (1 meter for Upto 30 minutes, IP67)Fast Charge CapableWireless charging (Works with Qi Chargers | Qi Chargers are Sold Separately1 year warranty for phone and 1 year warranty for in Box Accessories.",4.5,"₹54,900"
"Apple iPhone 7 (Gold, 128 GB)",128 GB ROM11.94 cm (4.7 inch) Retina HD Display12MP Rear Camera | 7MP Front CameraApple A10 Fusion 64-bit processor and Embedded M10 Motion Co-processorBrand Warranty of 1 Year,4.5,"₹34,900"
"Apple iPhone SE (Black, 256 GB)","256 GB ROM11.94 cm (4.7 inch) Retina HD Display12MP Rear Camera | 7MP Front CameraA13 Bionic Chip with 3rd Gen Neural Engine ProcessorWater and Dust Resistant (1 meter for Upto 30 minutes, IP67)Fast Charge CapableWireless charging (Works with Qi Chargers | Qi Chargers are Sold Separately1 year warranty for phone and 1 year warranty for in Box Accessories.",4.5,"₹54,900"
"Apple iPhone 7 (Rose Gold, 128 GB)",128 GB ROM11.94 cm (4.7 inch) Retina HD Display12MP Rear Camera | 7MP Front CameraA10 Fusion Chip with 64-bit Architecture and Embedded M10 Motion Co-processorBrand Warranty of 1 Year,4.5,"₹34,900"
"Apple iPhone 12 Pro Max (Pacific Blue, 128 GB)","128 GB ROM17.02 cm (6.7 inch) Super Retina XDR Display12MP + 12MP + 12MP | 12MP Front CameraA14 Bionic Chip with Next Generation Neural Engine ProcessorCeramic Shield | Industry-leading IP68 Water ResistanceAll Screen OLED DisplayLiDAR Scanner for Improved AR Experiences, Night Mode Portraits1 year warranty for phone and 1 year warranty for in Box Accessories.",4.5,"₹1,19,900"
"Apple iPhone SE (Black, 256 GB) (Includes EarPods, Power Adapter)","256 GB ROM11.94 cm (4.7 inch) Retina HD Display12MP Rear Camera | 7MP Front CameraA13 Bionic Chip with 3rd Gen Neural Engine ProcessorWater and Dust Resistant (1 meter for Upto 30 minutes, IP67)Fast Charge CapableWireless charging (Works with Qi Chargers | Qi Chargers are Sold Separately1 year warranty for phone and 1 year warranty for in Box Accessories.",4.5,"₹54,900"
"Apple iPhone SE (White, 128 GB) (Includes EarPods, Power Adapter)","128 GB ROM11.94 cm (4.7 inch) Retina HD Display12MP Rear Camera | 7MP Front CameraA13 Bionic Chip with 3rd Gen Neural Engine ProcessorWater and Dust Resistant (1 meter for Upto 30 minutes, IP67)Fast Charge CapableWireless charging (Works with Qi Chargers | Qi Chargers are Sold Separately1 year warranty for phone and 1 year warranty for in Box Accessories.",4.5,"₹44,900"
"Apple iPhone 12 Pro (Silver, 256 GB)","256 GB ROM15.49 cm (6.1 inch) Super Retina XDR Display12MP + 12MP + 12MP | 12MP Front CameraA14 Bionic Chip with Next Generation Neural Engine ProcessorCeramic Shield | Industry-leading IP68 Water ResistanceAll Screen OLED DisplayLiDAR Scanner for Improved AR Experiences, Night Mode Portraits1 year warranty for phone and 1 year warranty for in Box Accessories.",4.5,"₹1,19,900"
"Apple iPhone 13 Pro (Graphite, 128 GB)",128 GB ROM15.49 cm (6.1 inch) Super Retina XDR Display12MP + 12MP + 12MP | 12MP Front CameraA15 Bionic Chip Processor1 year warranty for phone and 1 year warranty for in Box Accessories.,4.7,"₹1,19,900"
"Apple iPhone 14 Pro Max (Silver, 512 GB)","512 GB ROM17.02 cm (6.7 inch) Super Retina XDR Display48MP + 12MP + 12MP | 12MP Front CameraA16 Bionic Chip, 6 Core Processor Processor1 year warranty for phone and 1 year warranty for in Box Accessories.",4.7,"₹1,64,900"
"Apple iPhone 8 (PRODUCT)RED (Red, 64 GB)","64 GB ROM11.94 cm (4.7 inch) Retina HD Display12MP Rear Camera | 7MP Front CameraA11 Bionic Chip with 64-bit Architecture, Neural Engine, Embedded M11 Motion Coprocessor ProcessoriOS 13 CompatibleBrand Warranty of 1 Year",4.7,"₹39,900"
"Apple iPhone SE 3rd Gen (Starlight, 64 GB)","64 GB ROM11.94 cm (4.7 inch) Retina HD Display12MP Rear Camera | 7MP Front CameraA15 Bionic Chip, 6 Core Processor Processor1 year warranty for phone and 1 year warranty for in Box Accessories.",4.4,"₹47,600"
"Apple iPhone 7 (Black, 128 GB)",128 GB ROM11.94 cm (4.7 inch) Retina HD Display12MP Rear Camera | 7MP Front CameraApple A10 Fusion 64-bit processor and Embedded M10 Motion Co-processorBrand Warranty of 1 Year,4.5,"₹34,900"
"Apple iPhone 13 (Pink, 256 GB)",256 GB ROM15.49 cm (6.1 inch) Super Retina XDR Display12MP + 12MP | 12MP Front CameraA15 Bionic Chip Processor1 year warranty for phone and 1 year warranty for in Box Accessories.,4.6,"₹59,900"
"Apple iPhone SE 3rd Gen (Starlight, 256 GB)","256 GB ROM11.94 cm (4.7 inch) Retina HD Display12MP Rear Camera | 7MP Front CameraA15 Bionic Chip, 6 Core Processor Processor1 year warranty for phone and 1 year warranty for in Box Accessories.",4.4,"₹62,600"
"Apple iPhone 7 (Gold, 32 GB)",32 GB ROM11.94 cm (4.7 inch) Retina HD Display12MP Rear Camera | 7MP Front CameraApple A10 Fusion 64-bit processor and Embedded M10 Motion Co-processoriOS 13 CompatibleBrand Warranty of 1 Year,4.5,"₹31,500"
"Apple iPhone 8 Plus (Gold, 256 GB)","256 GB ROM13.97 cm (5.5 inch) Retina HD Display12MP + 12MP | 7MP Front CameraA11 Bionic Chip with 64-bit Architecture, Neural Engine, Embedded M11 Motion Coprocessor ProcessorBrand Warranty of 1 Year",4.6,"₹84,900"
"Apple iPhone 16 Pro Max (Black Titanium, 512 GB)","512 GB ROM17.53 cm (6.9 inch) Super Retina XDR Display48MP + 48MP + 12MP | 12MP Front CameraA18 Pro Chip, 6 Core Processor Processor1 year warranty for phone and 1 year warranty for in Box Accessories.",4.7,"₹1,54,900"
"Apple iPhone XS (Space Grey, 256 GB)",256 GB ROM14.73 cm (5.8 inch) Super Retina HD Display12MP + 12MP | 7MP Front CameraA12 Bionic Chip Processor1 year warranty for phone and 1 year warranty for in Box Accessories.,4.7,"₹1,03,900"
"Apple iPhone 8 (Gold, 64 GB)","64 GB ROM11.94 cm (4.7 inch) Retina HD Display12MP Rear Camera | 7MP Front CameraA11 Bionic Chip with 64-bit Architecture, Neural Engine, Embedded M11 Motion Coprocessor ProcessoriOS 13 Compatible1 year warranty for phone and 1 year warranty for in Box Accessories.",4.5,"₹39,900"
"Apple iPhone 7 (Black, 256 GB)",256 GB ROM11.94 cm (4.7 inch) Retina HD Display12MP Rear Camera | 7MP Front CameraA10 Fusion Chip with 64-bit Architecture and Embedded M10 Motion Co-processorBrand Warranty of 1 Year,4.5,"₹74,400"
"Apple iPhone 6 (Space Grey, 32 GB)",32 GB ROM11.94 cm (4.7 inch) Retina HD Display8MP Rear Camera | 1.2MP Front CameraApple A8 64-bit processor and M8 Motion Co-processorBrand Warranty of 1 Year,4.4,"₹30,780"
"Apple iPhone 14 (Yellow, 128 GB)","128 GB ROM15.49 cm (6.1 inch) Super Retina XDR Display12MP + 12MP | 12MP Front CameraA15 Bionic Chip, 6 Core Processor Processor1 year warranty for phone and 1 year warranty for in Box Accessories.",4.6,"₹54,900"
"Apple iPhone 16e (White, 128 GB)","128 GB ROM15.49 cm (6.1 inch) Super Retina XDR Display48MP Rear Camera | 12MP Front CameraA18 Chip, 6 Core Processor1 year warranty for phone and 1 year warranty for in Box Accessories.",4.5,"₹54,900"
"Apple iPhone 16 Pro (Natural Titanium, 1 TB)","1 TB ROM16.0 cm (6.3 inch) Super Retina XDR Display48MP + 48MP + 12MP | 12MP Front CameraA18 Pro Chip, 6 Core Processor Processor1 year warranty for phone and 1 year warranty for in Box Accessories.",4.7,"₹1,59,900"
"Apple iPhone X (Silver, 256 GB)","256 GB ROM14.73 cm (5.8 inch) Super Retina HD Display12MP + 12MP | 7MP Front CameraA11 Bionic Chip with 64-bit Architecture, Neural Engine, Embedded M11 Motion Coprocessor ProcessorBrand Warranty of 1 Year",4.6,"₹1,06,900"
"Apple iPhone X (Silver, 64 GB)","64 GB ROM14.73 cm (5.8 inch) Super Retina HD Display12MP + 12MP | 7MP Front CameraA11 Bionic Chip with 64-bit Architecture, Neural Engine, Embedded M11 Motion Coprocessor ProcessoriOS 13 CompatibleBrand Warranty of 1 Year",4.6,"₹91,900"
"Apple iPhone 12 Pro (Pacific Blue, 512 GB)","512 GB ROM15.49 cm (6.1 inch) Super Retina XDR Display12MP + 12MP + 12MP | 12MP Front CameraA14 Bionic Chip with Next Generation Neural Engine ProcessorCeramic Shield | Industry-leading IP68 Water ResistanceAll Screen OLED DisplayLiDAR Scanner for Improved AR Experiences, Night Mode Portraits1 year warranty for phone and 1 year warranty for in Box Accessories.",4.5,"₹1,39,900"
"Apple iPhone 7 (Rose Gold, 32 GB)",32 GB ROM11.94 cm (4.7 inch) Retina HD Display12MP Rear Camera | 7MP Front CameraApple A10 Fusion 64-bit processor and Embedded M10 Motion Co-processoriOS 13 CompatibleBrand Warranty of 1 Year,4.5,"₹31,500"
"Apple iPhone XS Max (Gold, 256 GB)",256 GB ROM16.51 cm (6.5 inch) Super Retina HD Display12MP + 12MP | 7MP Front CameraA12 Bionic Chip ProcessoriOS 13 Compatible1 year warranty for phone and 1 year warranty for in Box Accessories.,4.6,"₹1,24,900"
"Apple iPhone 11 Pro (Silver, 64 GB)",64 GB ROM14.73 cm (5.8 inch) Super Retina XDR Display12MP + 12MP + 12MP | 12MP Front CameraA13 Bionic Chip ProcessorBrand Warranty for 1 Year,4.6,"₹1,06,600"
"Apple iPhone XS (Space Grey, 64 GB)",64 GB ROM14.73 cm (5.8 inch) Super Retina HD Display12MP + 12MP | 7MP Front CameraA12 Bionic Chip Processor1 year warranty for phone and 1 year warranty for in Box Accessories.,4.7,"₹89,900"
"Apple iPhone SE (Red, 256 GB)","256 GB ROM11.94 cm (4.7 inch) Retina HD Display12MP Rear Camera | 7MP Front CameraA13 Bionic Chip with 3rd Gen Neural Engine ProcessorWater and Dust Resistant (1 meter for Upto 30 minutes, IP67)Fast Charge CapableWireless charging (Works with Qi Chargers | Qi Chargers are Sold Separately1 year warranty for phone and 1 year warranty for in Box Accessories.",4.5,"₹54,900"
"Apple iPhone 16 Pro (Black Titanium, 1 TB)","1 TB ROM16.0 cm (6.3 inch) Super Retina XDR Display48MP + 48MP + 12MP | 12MP Front CameraA18 Pro Chip, 6 Core Processor Processor1 year warranty for phone and 1 year warranty for in Box Accessories.",4.7,"₹1,59,900"
"Apple iPhone 7 (Rose Gold, 256 GB)",256 GB ROM11.94 cm (4.7 inch) Retina HD Display12MP Rear Camera | 7MP Front CameraA10 Fusion Chip with 64-bit Architecture and Embedded M10 Motion Co-processorBrand Warranty of 1 Year,4.5,"₹74,400"
"Apple iPhone 11 Pro (Silver, 512 GB)",512 GB ROM14.73 cm (5.8 inch) Super Retina XDR Display12MP + 12MP + 12MP | 12MP Front CameraA13 Bionic Chip ProcessorBrand Warranty for 1 Year,4.6,"₹1,40,300"
"Apple iPhone 15 Pro (Black Titanium, 256 GB)","256 GB ROM15.49 cm (6.1 inch) Super Retina XDR Display48MP + 12MP + 12MP | 12MP Front CameraA17 Pro Chip, 6 Core Processor Processor1 year warranty for phone and 1 year warranty for in Box Accessories.",4.7,"₹1,44,900"
"Apple iPhone 6s (Silver, 16 GB)",16 GB ROM11.94 cm (4.7 inch) Retina HD Display12MP Rear Camera | 5MP Front CameraA9 Chip with 64-bit Architecture and M9 Motion Co-processorBrand Warranty of 1 Year,4.5,"₹41,999"
"Apple iPhone 12 Pro (Gold, 128 GB)","128 GB ROM15.49 cm (6.1 inch) Super Retina XDR Display12MP + 12MP + 12MP | 12MP Front CameraA14 Bionic Chip with Next Generation Neural Engine ProcessorCeramic Shield | Industry-leading IP68 Water ResistanceAll Screen OLED DisplayLiDAR Scanner for Improved AR Experiences, Night Mode Portraits1 year warranty for phone and 1 year warranty for in Box Accessories.",4.5,"₹1,09,900"
"Apple iPhone 12 Pro Max (Graphite, 256 GB)","256 GB ROM17.02 cm (6.7 inch) Super Retina XDR Display12MP + 12MP + 12MP | 12MP Front CameraA14 Bionic Chip with Next Generation Neural Engine ProcessorCeramic Shield | Industry-leading IP68 Water ResistanceAll Screen OLED DisplayLiDAR Scanner for Improved AR Experiences, Night Mode PortraitsBrand Warranty for 1 Year",4.5,"₹1,29,900"
"Apple iPhone 7 (Silver, 32 GB)",32 GB ROM11.94 cm (4.7 inch) Retina HD Display12MP Rear Camera | 7MP Front CameraA10 Fusion 64-bit processor and Embedded M10 Motion Co-processoriOS 13 CompatibleBrand Warranty of 1 Year,4.5,"₹31,500"
"Apple iPhone 6 (Gold, 32 GB)",32 GB ROM11.94 cm (4.7 inch) Retina HD Display8MP Rear Camera | 1.2MP Front CameraA8 Chip with 64-bit Architecture and M8 Motion Co-processor1 year warranty for phone and 1 year warranty for in Box Accessories.,4.4,"₹30,780"
"Apple iPhone 6 Plus (Silver, 128 GB)",128 GB ROM13.97 cm (5.5 inch) Retina HD Display8MP Rear Camera | 1.2MP Front CameraA8 Chip with 64-bit Architecture and M8 Motion Co-processor1 Year Manufacturer Warranty,4.5,"₹48,999"
"Apple iPhone XS (Gold, 64 GB)",64 GB ROM14.73 cm (5.8 inch) Super Retina HD Display12MP + 12MP | 7MP Front CameraA12 Bionic Chip Processor1 Year Limited Warranty for Products and Accessories,4.7,"₹89,900"
"Apple iPhone 13 Pro (Gold, 1 TB)",1 TB ROM15.49 cm (6.1 inch) Super Retina XDR Display12MP + 12MP + 12MP | 12MP Front CameraA15 Bionic Chip Processor1 year warranty for phone and 1 year warranty for in Box Accessories.,4.7,"₹1,69,900"
"Apple iPhone 6s (Gold, 32 GB)",32 GB ROM11.94 cm (4.7 inch) Retina HD Display12MP Rear Camera | 5MP Front CameraApple A9 64-bit processor and Embedded M9 Motion Co-processor1 year warranty for phone and 1 year warranty for in Box Accessories.,4.5,"₹29,900"
"Apple iPhone 11 Pro Max (Midnight Green, 256 GB)",256 GB ROM16.51 cm (6.5 inch) Super Retina XDR Display12MP + 12MP + 12MP | 12MP Front CameraA13 Bionic Chip Processor1 year warranty for phone and 1 year warranty for in Box Accessories.,4.7,"₹1,31,900"
"Apple iPhone 7 (Black, 32 GB)",32 GB ROM11.94 cm (4.7 inch) Retina HD Display12MP Rear Camera | 7MP Front CameraApple A10 Fusion 64-bit processor and Embedded M10 Motion Co-processoriOS 13 Compatible1 year warranty for phone and 1 year warranty for in Box Accessories.,4.5,"₹31,500"
"Apple iPhone 13 Pro (Gold, 256 GB)",256 GB ROM15.49 cm (6.1 inch) Super Retina XDR Display12MP + 12MP + 12MP | 12MP Front CameraA15 Bionic Chip Processor1 year warranty for phone and 1 year warranty for in Box Accessories.,4.7,"₹1,29,900"
"Apple iPhone XS (Space Grey, 64 GB)",64 GB ROM14.73 cm (5.8 inch) Super Retina HD Display12MP + 12MP | 7MP Front CameraA12 Bionic Chip Processor1 year warranty for phone and 1 year warranty for in Box Accessories.,4.7,"₹89,900"
"Apple iPhone SE (Red, 256 GB)","256 GB ROM11.94 cm (4.7 inch) Retina HD Display12MP Rear Camera | 7MP Front CameraA13 Bionic Chip with 3rd Gen Neural Engine ProcessorWater and Dust Resistant (1 meter for Upto 30 minutes, IP67)Fast Charge CapableWireless charging (Works with Qi Chargers | Qi Chargers are Sold Separately1 year warranty for phone and 1 year warranty for in Box Accessories.",4.5,"₹54,900"
"Apple iPhone 16 Pro (Black Titanium, 1 TB)","1 TB ROM16.0 cm (6.3 inch) Super Retina XDR Display48MP + 48MP + 12MP | 12MP Front CameraA18 Pro Chip, 6 Core Processor Processor1 year warranty for phone and 1 year warranty for in Box Accessories.",4.7,"₹1,59,900"
"Apple iPhone XR (Coral, 256 GB) (Includes EarPods, Power Adapter)",256 GB ROM15.49 cm (6.1 inch) Display12MP Rear Camera | 7MP Front CameraA12 Bionic Chip ProcessorBrand Warranty of 1 Year,4.6,"₹91,900"
"Apple iPhone 11 Pro (Silver, 512 GB)",512 GB ROM14.73 cm (5.8 inch) Super Retina XDR Display12MP + 12MP + 12MP | 12MP Front CameraA13 Bionic Chip ProcessorBrand Warranty for 1 Year,4.6,"₹1,40,300"
"Apple iPhone 8 (PRODUCT)RED (Red, 256 GB)","256 GB ROM11.94 cm (4.7 inch) Retina HD Display12MP Rear Camera | 7MP Front CameraA11 Bionic Chip with 64-bit Architecture, Neural Engine, Embedded M11 Motion Coprocessor ProcessorBrand Warranty of 1 Year",4.7,"₹81,500"
"Apple iPhone 15 Pro (Black Titanium, 256 GB)","256 GB ROM15.49 cm (6.1 inch) Super Retina XDR Display48MP + 12MP + 12MP | 12MP Front CameraA17 Pro Chip, 6 Core Processor Processor1 year warranty for phone and 1 year warranty for in Box Accessories.",4.7,"₹1,44,900"
"Apple iPhone 6s (Silver, 16 GB)",16 GB ROM11.94 cm (4.7 inch) Retina HD Display12MP Rear Camera | 5MP Front CameraA9 Chip with 64-bit Architecture and M9 Motion Co-processorBrand Warranty of 1 Year,4.5,"₹41,999"
"Apple iPhone 12 Pro (Gold, 128 GB)","128 GB ROM15.49 cm (6.1 inch) Super Retina XDR Display12MP + 12MP + 12MP | 12MP Front CameraA14 Bionic Chip with Next Generation Neural Engine ProcessorCeramic Shield | Industry-leading IP68 Water ResistanceAll Screen OLED DisplayLiDAR Scanner for Improved AR Experiences, Night Mode Portraits1 year warranty for phone and 1 year warranty for in Box Accessories.",4.5,"₹1,09,900"
"Apple iPhone 12 Pro Max (Graphite, 256 GB)","256 GB ROM17.02 cm (6.7 inch) Super Retina XDR Display12MP + 12MP + 12MP | 12MP Front CameraA14 Bionic Chip with Next Generation Neural Engine ProcessorCeramic Shield | Industry-leading IP68 Water ResistanceAll Screen OLED DisplayLiDAR Scanner for Improved AR Experiences, Night Mode PortraitsBrand Warranty for 1 Year",4.5,"₹1,29,900"
"Apple iPhone 7 (Silver, 32 GB)",32 GB ROM11.94 cm (4.7 inch) Retina HD Display12MP Rear Camera | 7MP Front CameraA10 Fusion 64-bit processor and Embedded M10 Motion Co-processoriOS 13 CompatibleBrand Warranty of 1 Year,4.5,"₹31,500"
"Apple iPhone 6 Plus (Silver, 128 GB)",128 GB ROM13.97 cm (5.5 inch) Retina HD Display8MP Rear Camera | 1.2MP Front CameraA8 Chip with 64-bit Architecture and M8 Motion Co-processor1 Year Manufacturer Warranty,4.5,"₹48,999"
"Apple iPhone 6 (Gold, 32 GB)",32 GB ROM11.94 cm (4.7 inch) Retina HD Display8MP Rear Camera | 1.2MP Front CameraA8 Chip with 64-bit Architecture and M8 Motion Co-processor1 year warranty for phone and 1 year warranty for in Box Accessories.,4.4,"₹30,780"
"Apple iPhone 11 Pro (Gold, 256 GB)",256 GB ROM14.73 cm (5.8 inch) Super Retina XDR Display12MP + 12MP + 12MP | 12MP Front CameraA13 Bionic Chip ProcessorBrand Warranty for 1 Year,4.6,"₹1,21,300"
"Apple iPhone XS (Gold, 64 GB)",64 GB ROM14.73 cm (5.8 inch) Super Retina HD Display12MP + 12MP | 7MP Front CameraA12 Bionic Chip Processor1 Year Limited Warranty for Products and Accessories,4.7,"₹89,900"
"Apple iPhone 6s (Gold, 32 GB)",32 GB ROM11.94 cm (4.7 inch) Retina HD Display12MP Rear Camera | 5MP Front CameraApple A9 64-bit processor and Embedded M9 Motion Co-processor1 year warranty for phone and 1 year warranty for in Box Accessories.,4.5,"₹29,900"
"Apple iPhone 13 Pro (Gold, 1 TB)",1 TB ROM15.49 cm (6.1 inch) Super Retina XDR Display12MP + 12MP + 12MP | 12MP Front CameraA15 Bionic Chip Processor1 year warranty for phone and 1 year warranty for in Box Accessories.,4.7,"₹1,69,900"
"Apple iPhone 11 Pro Max (Midnight Green, 256 GB)",256 GB ROM16.51 cm (6.5 inch) Super Retina XDR Display12MP + 12MP + 12MP | 12MP Front CameraA13 Bionic Chip Processor1 year warranty for phone and 1 year warranty for in Box Accessories.,4.7,"₹1,31,900"
"Apple iPhone 7 (Black, 32 GB)",32 GB ROM11.94 cm (4.7 inch) Retina HD Display12MP Rear Camera | 7MP Front CameraApple A10 Fusion 64-bit processor and Embedded M10 Motion Co-processoriOS 13 Compatible1 year warranty for phone and 1 year warranty for in Box Accessories.,4.5,"₹31,500"
"Apple iPhone 13 Pro (Gold, 256 GB)",256 GB ROM15.49 cm (6.1 inch) Super Retina XDR Display12MP + 12MP + 12MP | 12MP Front CameraA15 Bionic Chip Processor1 year warranty for phone and 1 year warranty for in Box Accessories.,4.7,"₹1,29,900"
"Apple IPhone 4 (Black, 8 GB)",8 GB ROM8.89 cm (3.5 inch) NA Display5MP Rear Camera | 0.3MP Front Camera1 Year Manufacturer Warranty,4.1,"₹22,900"
"Apple iPhone 6s (Rose Gold, 32 GB)",32 GB ROM11.94 cm (4.7 inch) Retina HD Display12MP Rear Camera | 5MP Front CameraApple A9 64-bit processor and M9 Motion Co-processor1 year warranty for phone and 1 year warranty for in Box Accessories.,4.5,"₹29,900"
"Apple iPhone 7 (PRODUCT) (Red, 256 GB)",256 GB ROM11.94 cm (4.7 inch) Retina HD Display12MP Rear Camera | 7MP Front CameraA10 Fusion Chip with 64-bit Architecture and Embedded M10 Motion Co-processorBrand Warranty of 1 Year,4.7,"₹74,400"
"Apple iPhone XS Max (Space Grey, 256 GB)",256 GB ROM16.51 cm (6.5 inch) Super Retina HD Display12MP + 12MP | 7MP Front CameraA12 Bionic Chip ProcessoriOS 13 Compatible1 year warranty for phone and 1 year warranty for in Box Accessories.,4.6,"₹1,24,900"
"Apple iPhone 6 (Silver, 128 GB)",128 GB ROM11.94 cm (4.7 inch) Retina HD Display8MP Rear Camera | 1.2MP Front CameraA8 Chip with 64-bit Architecture and M8 Motion Co-processor1 Year Manufacturer Warranty,4.4,"₹71,500"
"Apple iPhone 6 (Grey, 128 GB)",128 GB ROM11.94 cm (4.7 inch) Retina HD Display8MP Rear Camera | 1.2MP Front CameraApple A8 64-bit processor and M8 Motion Co-processor1 Year Manufacturer Warranty,4.4,"₹71,500"
"Apple iPhone 11 (Red, 64 GB)",64 GB ROM15.49 cm (6.1 inch) Liquid Retina HD Display12MP + 12MP | 12MP Front CameraA13 Bionic Chip Processor1 year warranty for phone and 1 year warranty for in Box Accessories.,4.6,"₹43,900"
"Apple iPhone 11 Pro (Gold, 64 GB)",64 GB ROM14.73 cm (5.8 inch) Super Retina XDR Display12MP + 12MP + 12MP | 12MP Front CameraA13 Bionic Chip Processor1 year warranty for phone and 1 year warranty for in Box Accessories.,4.6,"₹1,06,600"
"Apple iPhone 8 (Space Grey, 64 GB)","64 GB ROM11.94 cm (4.7 inch) Retina HD Display12MP Rear Camera | 7MP Front CameraA11 Bionic Chip with 64-bit Architecture, Neural Engine, Embedded M11 Motion Coprocessor ProcessoriOS 13 CompatibleBrand Warranty of 1 Year",4.5,"₹39,900"
"Apple iPhone XR ((PRODUCT)RED, 64 GB)","64 GB ROM15.49 cm (6.1 inch) Display12MP Rear Camera | 7MP Front CameraA12 Bionic Chip ProcessorWater and Dust Resistant (1 meter for Upto 30 minutes, IP67)Face ID for Secure AuthenticationFast-charge Capable1 year warranty for phone and 1 year warranty for in Box Accessories.",4.6,"₹47,900"
"Apple iPhone SE (White, 128 GB)","128 GB ROM11.94 cm (4.7 inch) Retina HD Display12MP Rear Camera | 7MP Front CameraA13 Bionic Chip with 3rd Gen Neural Engine ProcessorWater and Dust Resistant (1 meter for Upto 30 minutes, IP67)Fast Charge CapableWireless charging (Works with Qi Chargers | Qi Chargers are Sold Separately1 year warranty for phone and 1 year warranty for in Box Accessories.",4.5,"₹44,900"
"Apple iPhone 7 (Red, 128 GB)",128 GB ROM11.94 cm (4.7 inch) Retina HD Display12MP Rear Camera | 7MP Front CameraApple A10 Fusion 64-bit processor and Embedded M10 Motion Co-processorBrand Warranty of 1 Year,4.5,"₹34,900"
"Apple iPhone 12 Pro (Silver, 128 GB)","128 GB ROM15.49 cm (6.1 inch) Super Retina XDR Display12MP + 12MP + 12MP | 12MP Front CameraA14 Bionic Chip with Next Generation Neural Engine ProcessorCeramic Shield | Industry-leading IP68 Water ResistanceAll Screen OLED DisplayLiDAR Scanner for Improved AR Experiences, Night Mode Portraits1 year warranty for phone and 1 year warranty for in Box Accessories.",4.5,"₹1,09,900"
"Apple iPhone 11 (White, 64 GB) (Includes EarPods, Power Adapter)",64 GB ROM15.49 cm (6.1 inch) Liquid Retina HD Display12MP + 12MP | 12MP Front CameraA13 Bionic Chip Processor1 year warranty for phone and 1 year warranty for in Box Accessories.,4.6,"₹49,900"
"Apple iPhone 14 Pro (Silver, 512 GB)","512 GB ROM15.49 cm (6.1 inch) Super Retina XDR Display48MP + 12MP + 12MP | 12MP Front CameraA16 Bionic Chip, 6 Core Processor Processor1 year warranty for phone and 1 year warranty for in Box Accessories.",4.7,"₹1,49,900"
"Apple iPhone 12 Pro Max (Graphite, 128 GB)","128 GB ROM17.02 cm (6.7 inch) Super Retina XDR Display12MP + 12MP + 12MP | 12MP Front CameraA14 Bionic Chip with Next Generation Neural Engine ProcessorCeramic Shield | Industry-leading IP68 Water ResistanceAll Screen OLED DisplayLiDAR Scanner for Improved AR Experiences, Night Mode Portraits1 year warranty for phone and 1 year warranty for in Box Accessories.",4.5,"₹1,19,900"
"Apple iPhone XR (White, 128 GB)","128 GB ROM15.49 cm (6.1 inch) Display12MP Rear Camera | 7MP Front CameraA12 Bionic Chip ProcessorWater and Dust Resistant (1 meter for Upto 30 minutes, IP67)Face ID for Secure AuthenticationFast-charge Capable1 year warranty for phone and 1 year warranty for in Box Accessories.",4.6,"₹52,900"
"Apple iPhone 8 (Silver, 64 GB)","64 GB ROM11.94 cm (4.7 inch) Retina HD Display12MP Rear Camera | 7MP Front CameraA11 Bionic Chip with 64-bit Architecture, Neural Engine, Embedded M11 Motion Coprocessor ProcessoriOS 13 Compatible1 year warranty for phone and 1 year warranty for in Box Accessories.",4.5,"₹39,900"
"Apple iPhone 14 Pro Max (Gold, 512 GB)","512 GB ROM17.02 cm (6.7 inch) Super Retina XDR Display48MP + 12MP + 12MP | 12MP Front CameraA16 Bionic Chip, 6 Core Processor Processor1 year warranty for phone and 1 year warranty for in Box Accessories.",4.7,"₹1,64,900"
"Apple iPhone X (Space Gray, 256 GB)","256 GB ROM14.73 cm (5.8 inch) Super Retina HD Display12MP + 12MP | 7MP Front CameraA11 Bionic Chip with 64-bit Architecture, Neural Engine, Embedded M11 Motion Coprocessor ProcessorBrand Warranty of 1 Year",4.6,"₹1,06,900"
"Apple iPhone 14 Pro (Gold, 512 GB)","512 GB ROM15.49 cm (6.1 inch) Super Retina XDR Display48MP + 12MP + 12MP | 12MP Front CameraA16 Bionic Chip, 6 Core Processor Processor1 year warranty for phone and 1 year warranty for in Box Accessories.",4.7,"₹1,49,900"
"Apple iPhone 11 Pro Max (Silver, 256 GB)",256 GB ROM16.51 cm (6.5 inch) Super Retina XDR Display12MP + 12MP + 12MP | 12MP Front CameraA13 Bionic Chip ProcessorBrand Warranty for 1 Year,4.7,"₹1,31,900"
"Apple iPhone XS (Silver, 512 GB)",512 GB ROM14.73 cm (5.8 inch) Super Retina HD Display12MP + 12MP | 7MP Front CameraA12 Bionic Chip Processor1 Year Limited Warranty for Products and Accessories,4.7,"₹1,34,900"
"Apple iPhone 6 (Silver, 64 GB)",64 GB ROM11.94 cm (4.7 inch) Retina HD Display8MP Rear Camera | 1.2MP Front CameraA8 Chip with 64-bit Architecture and M8 Motion Co-processor1 Year Manufacturer Warranty,4.4,"₹62,000"
"Apple iPhone XR (Blue, 256 GB) (Includes EarPods, Power Adapter)",256 GB ROM15.49 cm (6.1 inch) Display12MP Rear Camera | 7MP Front CameraA12 Bionic Chip ProcessorBrand Warranty of 1 Year,4.6,"₹91,900"
"Apple iPhone 12 Pro (Gold, 512 GB)","512 GB ROM15.49 cm (6.1 inch) Super Retina XDR Display12MP + 12MP + 12MP | 12MP Front CameraA14 Bionic Chip with Next Generation Neural Engine ProcessorCeramic Shield | Industry-leading IP68 Water ResistanceAll Screen OLED DisplayLiDAR Scanner for Improved AR Experiences, Night Mode Portraits1 year warranty for phone and 1 year warranty for in Box Accessories.",4.5,"₹1,39,900"
"Apple iPhone XS (Gold, 256 GB)",256 GB ROM14.73 cm (5.8 inch) Super Retina HD Display12MP + 12MP | 7MP Front CameraA12 Bionic Chip Processor1 Year Limited Warranty for Products and Accessories,4.7,"₹1,03,900"
"Apple iPhone 6s Plus (Rose Gold, 32 GB)",32 GB ROM13.97 cm (5.5 inch) Retina HD Display12MP Rear Camera | 5MP Front CameraApple A9 64-bit processor and Embedded M9 Motion Co-processor1 year warranty for phone and 1 year warranty for in Box Accessories.,4.4,"₹34,900"
